Project,Requirement,Meaning,Assessment,Source implementation,Verification evidence,Remaining boundary
BEACON,F01,Official source registry,IMPLEMENTED / ENGINEERING CHECKS,lib/sources.ts; lib/public-discovery.mjs,tests/*.test.ts; tests/runtime.mjs; tests/monitor-background-runtime.mjs,Public/synthetic technical scope; qualified RA applicability and real-user benefits not established.
BEACON,F02,Scheduled source monitoring,PARTIAL / OPERATIONS PENDING,lib/monitor-runtime.ts; lib/monitor-service.ts,tests/*.test.ts; tests/runtime.mjs; tests/monitor-background-runtime.mjs,Saved fetch/recovery boundary works; paused unattended schedules cannot support a continuous-monitoring claim.
BEACON,F03,Snapshot and version lineage,IMPLEMENTED / ENGINEERING CHECKS,lib/archive-store.ts; lib/intake.ts,tests/*.test.ts; tests/runtime.mjs; tests/monitor-background-runtime.mjs,Public/synthetic technical scope; qualified RA applicability and real-user benefits not established.
BEACON,F04,Exact and semantic change detection,IMPLEMENTED / ENGINEERING CHECKS,lib/beacon.ts; lib/ai-ris.ts,tests/*.test.ts; tests/runtime.mjs; tests/monitor-background-runtime.mjs,Public/synthetic technical scope; qualified RA applicability and real-user benefits not established.
BEACON,F05,Deduplication and event consolidation,IMPLEMENTED / ENGINEERING CHECKS,lib/monitor-runtime.ts; lib/beacon.ts,tests/*.test.ts; tests/runtime.mjs; tests/monitor-background-runtime.mjs,Public/synthetic technical scope; qualified RA applicability and real-user benefits not established.
BEACON,F06,Regulatory status classification,IMPLEMENTED / ENGINEERING CHECKS,lib/beacon.ts; lib/ris.ts,tests/*.test.ts; tests/runtime.mjs; tests/monitor-background-runtime.mjs,Public/synthetic technical scope; qualified RA applicability and real-user benefits not established.
BEACON,F07,Requirement / obligation extraction,IMPLEMENTED / ENGINEERING CHECKS,lib/ai-ris.ts; lib/ris.ts,tests/*.test.ts; tests/runtime.mjs; tests/monitor-background-runtime.mjs,Public/synthetic technical scope; qualified RA applicability and real-user benefits not established.
BEACON,F08,Jurisdiction and lifecycle tagging,IMPLEMENTED / ENGINEERING CHECKS,lib/records.ts; lib/assessment.ts,tests/*.test.ts; tests/runtime.mjs; tests/monitor-background-runtime.mjs,Public/synthetic technical scope; qualified RA applicability and real-user benefits not established.
BEACON,F09,Customer applicability profile,IMPLEMENTED / ENGINEERING CHECKS,lib/master-data.ts; lib/assessment.ts,tests/*.test.ts; tests/runtime.mjs; tests/monitor-background-runtime.mjs,Public/synthetic technical scope; qualified RA applicability and real-user benefits not established.
BEACON,F10,Product / process / document impact map,IMPLEMENTED / ENGINEERING CHECKS,lib/master-data.ts; lib/assessment.ts,tests/*.test.ts; tests/runtime.mjs; tests/monitor-background-runtime.mjs,Public/synthetic technical scope; qualified RA applicability and real-user benefits not established.
BEACON,F11,Priority and confidence,IMPLEMENTED / ENGINEERING CHECKS,lib/assessment.ts; lib/ris.ts,tests/*.test.ts; tests/runtime.mjs; tests/monitor-background-runtime.mjs,Public/synthetic technical scope; qualified RA applicability and real-user benefits not established.
BEACON,F12,Evidence-linked decision record,IMPLEMENTED / ENGINEERING CHECKS,lib/workflow.ts; lib/decision-outcome.ts,tests/*.test.ts; tests/runtime.mjs; tests/monitor-background-runtime.mjs,Public/synthetic technical scope; qualified RA applicability and real-user benefits not established.
BEACON,F13,Alert and digest,PARTIAL / DELIVERY CONFIGURATION,lib/delivery.ts,tests/*.test.ts; tests/runtime.mjs; tests/monitor-background-runtime.mjs,Delivery/dedup controls exist; unattended dispatch and real recipient delivery require configured operational proof.
BEACON,F14,"Owner, action and closure",IMPLEMENTED / ENGINEERING CHECKS,lib/workflow.ts; lib/outcomes.ts,tests/*.test.ts; tests/runtime.mjs; tests/monitor-background-runtime.mjs,Public/synthetic technical scope; qualified RA applicability and real-user benefits not established.
BEACON,F15,Dashboard and audit export,IMPLEMENTED / ENGINEERING CHECKS,app/workspace; lib/permissions.ts; lib/outcomes.ts,tests/*.test.ts; tests/runtime.mjs; tests/monitor-background-runtime.mjs,Public/synthetic technical scope; qualified RA applicability and real-user benefits not established.
BEACON,F03A,Original language / conditional translation,IMPLEMENTED / BOUNDED SCOPE,lib/ai-ris.ts; lib/ris.ts,Source audit plus current engineering suites where covered,"Translation is a candidate, not a replacement for the original official source or qualified language review."
BEACON,B-RI01,Versioned related-evidence retrieval,IMPLEMENTED / BOUNDED SCOPE,lib/retrieval.ts; lib/ris.ts,Source audit plus current engineering suites where covered,Related evidence cannot silently become controlling evidence.
BEACON,B-RI02,Historical / cross-market context,IMPLEMENTED / BOUNDED SCOPE,lib/ris.ts; lib/assessment.ts,Source audit plus current engineering suites where covered,Cross-market similarity does not establish local applicability.
BEACON,B-RI03,Readable evidence-bound intelligence brief,IMPLEMENTED / BOUNDED SCOPE,lib/decision-outcome.ts; app/workspace/decision-view.tsx,Source audit plus current engineering suites where covered,An unapproved readable brief is separate from approved controlled export.
BEACON,B-RI04,Gaps and competing evidence,IMPLEMENTED / BOUNDED SCOPE,lib/ris.ts; lib/decision-outcome.ts,Source audit plus current engineering suites where covered,Uncertainty must remain UNKNOWN/HOLD until named review.
BEACON,B-P01,Why / exclusion rationale,IMPLEMENTED / BOUNDED SCOPE,lib/assessment.ts,Source audit plus current engineering suites where covered,Company-specific conclusions need authorized context.
BEACON,B-P02,Historical evidence replay,IMPLEMENTED / BOUNDED SCOPE,lib/archive-store.ts; lib/workflow.ts,Source audit plus current engineering suites where covered,Local engineering replay is not a full disaster-recovery qualification.
BEACON,B-P03,Material source change invalidates approval,IMPLEMENTED / BOUNDED SCOPE,lib/workflow.ts,Source audit plus current engineering suites where covered,Fresh human review of the exact revision is required.
BEACON,B-P04,Source-health evidence gaps,IMPLEMENTED / BOUNDED SCOPE,lib/monitor-runtime.ts; lib/monitor-execution.ts,Source audit plus current engineering suites where covered,Failure or overdue state is not no change.
BEACON,B-P05,Closure before/after proof,IMPLEMENTED / BOUNDED SCOPE,lib/outcomes.ts; lib/workflow.ts,Source audit plus current engineering suites where covered,No invented time saving or efficacy percentage.
BEACON,S-P01,Allowlist / redirect / time / size boundaries,IMPLEMENTED / BOUNDED SCOPE,lib/request-bounds.ts; lib/intake.ts; lib/monitor-execution.ts,Source audit plus current engineering suites where covered,External availability remains outside application control.
BEACON,S-P02,Recheck authority after wait,IMPLEMENTED / BOUNDED SCOPE,lib/permissions.ts; lib/workflow.ts,Source audit plus current engineering suites where covered,Hosted organizational role qualification remains separate.
BEACON,S-P03,Outbox / duplicate-action control,IMPLEMENTED / BOUNDED SCOPE,lib/delivery.ts,Source audit plus current engineering suites where covered,External recipient delivery not established by local tests.
BEACON,S-P04,Atomic revision state,IMPLEMENTED / BOUNDED SCOPE,lib/workflow.ts; app/api,Source audit plus current engineering suites where covered,Local transaction tests do not prove global scale.
BEACON,S-P05,Negative isolation checks,IMPLEMENTED / BOUNDED SCOPE,lib/permissions.ts; tests/runtime.mjs,Source audit plus current engineering suites where covered,Independent production security assessment remains pending.
BEACON,S-P06,Restore decision reconstruction,IMPLEMENTED / BOUNDED SCOPE,tests/security-recovery.py; lib/archive-store.ts,Source audit plus current engineering suites where covered,Fresh complete production disaster recovery was not executed in this review.
FORGE,F01,CMC source intake,IMPLEMENTED / ENGINEERING CHECKS,lib/core.mjs; lib/runtime.mjs; lib/runtime-repository.ts; app/Workspace.tsx,88 domain; 47 saved integration; 12 outcome; 16 export checks,"Synthetic/controlled-format proof; representative CMC data, qualified answers and customer outcomes remain pending."
FORGE,F02,Field extraction,IMPLEMENTED / ENGINEERING CHECKS,lib/core.mjs; lib/runtime.mjs; lib/runtime-repository.ts; app/Workspace.tsx,88 domain; 47 saved integration; 12 outcome; 16 export checks,"Synthetic/controlled-format proof; representative CMC data, qualified answers and customer outcomes remain pending."
FORGE,F03,Normalization with retained raw values,IMPLEMENTED / ENGINEERING CHECKS,lib/core.mjs; lib/runtime.mjs; lib/runtime-repository.ts; app/Workspace.tsx,88 domain; 47 saved integration; 12 outcome; 16 export checks,"Synthetic/controlled-format proof; representative CMC data, qualified answers and customer outcomes remain pending."
FORGE,F04,Source-to-field traceability,IMPLEMENTED / ENGINEERING CHECKS,lib/core.mjs; lib/runtime.mjs; lib/runtime-repository.ts; app/Workspace.tsx,88 domain; 47 saved integration; 12 outcome; 16 export checks,"Synthetic/controlled-format proof; representative CMC data, qualified answers and customer outcomes remain pending."
FORGE,F05,Completeness checks,IMPLEMENTED / ENGINEERING CHECKS,lib/core.mjs; lib/runtime.mjs; lib/runtime-repository.ts; app/Workspace.tsx,88 domain; 47 saved integration; 12 outcome; 16 export checks,"Synthetic/controlled-format proof; representative CMC data, qualified answers and customer outcomes remain pending."
FORGE,F06,Anomaly checks,IMPLEMENTED / ENGINEERING CHECKS,lib/core.mjs; lib/runtime.mjs; lib/runtime-repository.ts; app/Workspace.tsx,88 domain; 47 saved integration; 12 outcome; 16 export checks,"Synthetic/controlled-format proof; representative CMC data, qualified answers and customer outcomes remain pending."
FORGE,F07,Cross-document consistency,IMPLEMENTED / ENGINEERING CHECKS,lib/core.mjs; lib/runtime.mjs; lib/runtime-repository.ts; app/Workspace.tsx,88 domain; 47 saved integration; 12 outcome; 16 export checks,"Synthetic/controlled-format proof; representative CMC data, qualified answers and customer outcomes remain pending."
FORGE,F08,Batch comparison,IMPLEMENTED / ENGINEERING CHECKS,lib/core.mjs; lib/runtime.mjs; lib/runtime-repository.ts; app/Workspace.tsx,88 domain; 47 saved integration; 12 outcome; 16 export checks,"Synthetic/controlled-format proof; representative CMC data, qualified answers and customer outcomes remain pending."
FORGE,F09,Source-backed draft candidates,IMPLEMENTED / ENGINEERING CHECKS,lib/core.mjs; lib/runtime.mjs; lib/runtime-repository.ts; app/Workspace.tsx,88 domain; 47 saved integration; 12 outcome; 16 export checks,"Synthetic/controlled-format proof; representative CMC data, qualified answers and customer outcomes remain pending."
FORGE,F10,Human correction,IMPLEMENTED / ENGINEERING CHECKS,lib/core.mjs; lib/runtime.mjs; lib/runtime-repository.ts; app/Workspace.tsx,88 domain; 47 saved integration; 12 outcome; 16 export checks,"Synthetic/controlled-format proof; representative CMC data, qualified answers and customer outcomes remain pending."
FORGE,F11,Decision / audit record,IMPLEMENTED / ENGINEERING CHECKS,lib/core.mjs; lib/runtime.mjs; lib/runtime-repository.ts; app/Workspace.tsx,88 domain; 47 saved integration; 12 outcome; 16 export checks,"Synthetic/controlled-format proof; representative CMC data, qualified answers and customer outcomes remain pending."
FORGE,F12,Version / change record,IMPLEMENTED / ENGINEERING CHECKS,lib/core.mjs; lib/runtime.mjs; lib/runtime-repository.ts; app/Workspace.tsx,88 domain; 47 saved integration; 12 outcome; 16 export checks,"Synthetic/controlled-format proof; representative CMC data, qualified answers and customer outcomes remain pending."
FORGE,F13,Check report,IMPLEMENTED / ENGINEERING CHECKS,lib/core.mjs; lib/runtime.mjs; lib/runtime-repository.ts; app/Workspace.tsx,88 domain; 47 saved integration; 12 outcome; 16 export checks,"Synthetic/controlled-format proof; representative CMC data, qualified answers and customer outcomes remain pending."
FORGE,F14,Controlled export,IMPLEMENTED / ENGINEERING CHECKS,lib/core.mjs; lib/runtime.mjs; lib/runtime-repository.ts; app/Workspace.tsx,88 domain; 47 saved integration; 12 outcome; 16 export checks,"Synthetic/controlled-format proof; representative CMC data, qualified answers and customer outcomes remain pending."
FORGE,F-P01,Field dependency / source-change map,IMPLEMENTED / ENGINEERING CHECKS,lib/core.mjs; lib/runtime.mjs; lib/statement-controls.mjs; lib/draft-outcome.mjs,tests/run.mjs; tests/integration.mjs; tests/draft-outcome.mjs,"Checks preserve HOLD; they do not establish scientific comparability, real submission quality or professional accuracy."
FORGE,F-P02,Unit / value conflict workbench,IMPLEMENTED / ENGINEERING CHECKS,lib/core.mjs; lib/runtime.mjs; lib/statement-controls.mjs; lib/draft-outcome.mjs,tests/run.mjs; tests/integration.mjs; tests/draft-outcome.mjs,"Checks preserve HOLD; they do not establish scientific comparability, real submission quality or professional accuracy."
FORGE,F-P03,Source-backed drafting contract,IMPLEMENTED / ENGINEERING CHECKS,lib/core.mjs; lib/runtime.mjs; lib/statement-controls.mjs; lib/draft-outcome.mjs,tests/run.mjs; tests/integration.mjs; tests/draft-outcome.mjs,"Checks preserve HOLD; they do not establish scientific comparability, real submission quality or professional accuracy."
FORGE,F-P04,Reviewer correction replay,IMPLEMENTED / ENGINEERING CHECKS,lib/core.mjs; lib/runtime.mjs; lib/statement-controls.mjs; lib/draft-outcome.mjs,tests/run.mjs; tests/integration.mjs; tests/draft-outcome.mjs,"Checks preserve HOLD; they do not establish scientific comparability, real submission quality or professional accuracy."
FORGE,F-P05,Batch comparison interpretation limits,IMPLEMENTED / ENGINEERING CHECKS,lib/core.mjs; lib/runtime.mjs; lib/statement-controls.mjs; lib/draft-outcome.mjs,tests/run.mjs; tests/integration.mjs; tests/draft-outcome.mjs,"Checks preserve HOLD; they do not establish scientific comparability, real submission quality or professional accuracy."
LEDGER-Q,F01,Controlled Quality Source & Document Registry,IMPLEMENTED / SYNTHETIC ENGINEERING SCOPE,lib/ledger/engine.ts; lib/ledger/api.ts; lib/ledger/outcome.ts; app/[screen]/page.tsx,65 integration; 15 outcome; 9 server-render checks,Originals and checked candidate transcription are preserved; automated PDF/table/OCR intake is not a complete built-in supported-format service.
LEDGER-Q,F02,Requirement Extraction & Exact Evidence Traceability,IMPLEMENTED / SYNTHETIC ENGINEERING SCOPE,lib/ledger/engine.ts; lib/ledger/api.ts; lib/ledger/outcome.ts; app/[screen]/page.tsx,65 integration; 15 outcome; 9 server-render checks,Exact text requirement candidates with source/version/span/offset; named review controls acceptance. Representative professional qualification remains pending.
LEDGER-Q,F03,Regulation-to-SOP / Requirement Mapping,IMPLEMENTED / SYNTHETIC ENGINEERING SCOPE,lib/ledger/engine.ts; lib/ledger/api.ts; lib/ledger/outcome.ts; app/[screen]/page.tsx,65 integration; 15 outcome; 9 server-render checks,"SOP coverage, rationale, linked requirement and source records; missing support blocks approval. Representative professional qualification remains pending."
LEDGER-Q,F04,"Compliance Gap, Conflict & Evidence-Sufficiency Control",IMPLEMENTED / SYNTHETIC ENGINEERING SCOPE,lib/ledger/engine.ts; lib/ledger/api.ts; lib/ledger/outcome.ts; app/[screen]/page.tsx,65 integration; 15 outcome; 9 server-render checks,"Saved gaps, conflict and dependency states; unsupported candidates fail grounding checks. Representative professional qualification remains pending."
LEDGER-Q,F05,"Quality Risk, Severity & Confidence Assessment",IMPLEMENTED / SYNTHETIC ENGINEERING SCOPE,lib/ledger/engine.ts; lib/ledger/api.ts; lib/ledger/outcome.ts; app/[screen]/page.tsx,65 integration; 15 outcome; 9 server-render checks,"Separate severity, likelihood, controls and confidence fields; human root cause and disposition. Representative professional qualification remains pending."
LEDGER-Q,F06,Deviation Investigation Review,IMPLEMENTED / SYNTHETIC ENGINEERING SCOPE,lib/ledger/engine.ts; lib/ledger/api.ts; lib/ledger/outcome.ts; app/[screen]/page.tsx,65 integration; 15 outcome; 9 server-render checks,"Investigation chronology, hypotheses, human conclusions and immutable contribution trail. Representative professional qualification remains pending."
LEDGER-Q,F07,OOS/OOT Investigation Review,IMPLEMENTED / SYNTHETIC ENGINEERING SCOPE,lib/ledger/engine.ts; lib/ledger/api.ts; lib/ledger/outcome.ts; app/[screen]/page.tsx,65 integration; 15 outcome; 9 server-render checks,Synthetic OOS assay conflict 94.2% vs 99.1%; missing rationale remains HOLD. Representative professional qualification remains pending.
LEDGER-Q,F08,Bidirectional Change-Control & Impact Assessment,IMPLEMENTED / SYNTHETIC ENGINEERING SCOPE,lib/ledger/engine.ts; lib/ledger/api.ts; lib/ledger/outcome.ts; app/[screen]/page.tsx,65 integration; 15 outcome; 9 server-render checks,"Transitive saved links, quality-to-AI invalidation, AI-to-quality links and historical decisions preserved. Representative professional qualification remains pending."
LEDGER-Q,F09,RCA-CAPA Lifecycle & Effectiveness Verification,IMPLEMENTED / SYNTHETIC ENGINEERING SCOPE,lib/ledger/engine.ts; lib/ledger/api.ts; lib/ledger/outcome.ts; app/[screen]/page.tsx,65 integration; 15 outcome; 9 server-render checks,"Implementation/effectiveness/cause gates, due dates and signed closure; missing proof blocks closure. Representative professional qualification remains pending."
LEDGER-Q,F10,Training Impact & Retraining Traceability,IMPLEMENTED / SYNTHETIC ENGINEERING SCOPE,lib/ledger/engine.ts; lib/ledger/api.ts; lib/ledger/outcome.ts; app/[screen]/page.tsx,65 integration; 15 outcome; 9 server-render checks,Role/version/completion evidence and fresh review requirements. Representative professional qualification remains pending.
LEDGER-Q,F11,Audit / Inspection Finding & Readiness Management,IMPLEMENTED / SYNTHETIC ENGINEERING SCOPE,lib/ledger/engine.ts; lib/ledger/api.ts; lib/ledger/outcome.ts; app/[screen]/page.tsx,65 integration; 15 outcome; 9 server-render checks,"Finding, owner, linked action and evidence packet; no formal inspection-readiness certification. Representative professional qualification remains pending."
LEDGER-Q,F12,PQR/APQR & Quality Trend Review,PARTIAL / TREND PROJECTION,lib/ledger/engine.ts; lib/ledger/api.ts; lib/ledger/outcome.ts; app/[screen]/page.tsx,65 integration; 15 outcome; 9 server-render checks,Saved counts and time windows exist. A complete qualified PQR/APQR authoring/assessment service is not established.
LEDGER-Q,F13,"Owner, Deadline, Escalation & Closure Control",PARTIAL / EXTERNAL DELIVERY,lib/ledger/engine.ts; lib/ledger/api.ts; lib/ledger/outcome.ts; app/[screen]/page.tsx,65 integration; 15 outcome; 9 server-render checks,Saved owners/dates/manual escalation exist. External notification delivery is not configured/verified.
LEDGER-Q,F14,"Human QA Review, Override & Controlled Correction",IMPLEMENTED / SYNTHETIC ENGINEERING SCOPE,lib/ledger/engine.ts; lib/ledger/api.ts; lib/ledger/outcome.ts; app/[screen]/page.tsx,65 integration; 15 outcome; 9 server-render checks,"Current role/revision/hash, password plus real TOTP, decisions and reviewed regression proposals. Representative professional qualification remains pending."
LEDGER-Q,F15,"Audit/Version Reconstruction, Event Forensics & Controlled Export",IMPLEMENTED / SYNTHETIC ENGINEERING SCOPE,lib/ledger/engine.ts; lib/ledger/api.ts; lib/ledger/outcome.ts; app/[screen]/page.tsx,65 integration; 15 outcome; 9 server-render checks,"Revision replay, append audit, R2 packets, checksummed backup and isolated copy restore. Representative professional qualification remains pending."
LEDGER-Q,F16,AI Model / Use / Context & Release Registry,IMPLEMENTED / SYNTHETIC ENGINEERING SCOPE,lib/ledger/engine.ts; lib/ledger/api.ts; lib/ledger/outcome.ts; app/[screen]/page.tsx,65 integration; 15 outcome; 9 server-render checks,"Intended/excluded use, model/config/expiry, signed passport states; synthetic authority only. Representative professional qualification remains pending."
LEDGER-Q,F17,"AI Provenance, Transparency & Contribution Record",IMPLEMENTED / SYNTHETIC ENGINEERING SCOPE,lib/ledger/engine.ts; lib/ledger/api.ts; lib/ledger/outcome.ts; app/[screen]/page.tsx,65 integration; 15 outcome; 9 server-render checks,"Saved parent/specialist/reviewer outputs, attempts, input hashes, correlation and human contribution boundary. Representative professional qualification remains pending."
LEDGER-Q,F18,"AI Evaluation, Grounding & Hallucination Suite",IMPLEMENTED / SYNTHETIC ENGINEERING SCOPE,lib/ledger/engine.ts; lib/ledger/api.ts; lib/ledger/outcome.ts; app/[screen]/page.tsx,65 integration; 15 outcome; 9 server-render checks,Executed deterministic controls plus signed frozen cases and optional provider comparison. Representative professional qualification remains pending.
LEDGER-Q,F19,"Bias, Edge-Case & Consistency Verification",PARTIAL / REPRESENTATIVE EVALUATION,lib/ledger/engine.ts; lib/ledger/api.ts; lib/ledger/outcome.ts; app/[screen]/page.tsx,65 integration; 15 outcome; 9 server-render checks,Synthetic adverse/frozen-answer checks exist. Representative subgroup fairness and repeated live model quality remain unproven.
LEDGER-Q,F20,"Assurance Monitoring, Regression, Blast Radius & Revalidation",PARTIAL / UNATTENDED OPERATIONS,lib/ledger/engine.ts; lib/ledger/api.ts; lib/ledger/outcome.ts; app/[screen]/page.tsx,65 integration; 15 outcome; 9 server-render checks,Source-change/expiry invalidation and revalidation gates exist. An unattended monitoring heartbeat and operating alerts are not established.
LEDGER-Q,LQ-P01,Bidirectional dependency invalidation,IMPLEMENTED / BOUNDED SYNTHETIC SCOPE,lib/ledger/engine.ts; lib/ledger/api.ts,tests/integration.mjs; tests/outcome.test.mjs,Do not translate synthetic controls into professional accuracy or outcome percentages; live recovery and representative qualification remain pending.
LEDGER-Q,LQ-P02,AI-contribution forensics,IMPLEMENTED / BOUNDED SYNTHETIC SCOPE,lib/ledger/engine.ts; lib/ledger/api.ts,tests/integration.mjs; tests/outcome.test.mjs,Do not translate synthetic controls into professional accuracy or outcome percentages; live recovery and representative qualification remain pending.
LEDGER-Q,LQ-P03,Human correction firewall,IMPLEMENTED / BOUNDED SYNTHETIC SCOPE,lib/ledger/engine.ts; lib/ledger/api.ts,tests/integration.mjs; tests/outcome.test.mjs,Do not translate synthetic controls into professional accuracy or outcome percentages; live recovery and representative qualification remain pending.
LEDGER-Q,LQ-P04,Assurance debt,IMPLEMENTED / BOUNDED SYNTHETIC SCOPE,lib/ledger/engine.ts; lib/ledger/api.ts,tests/integration.mjs; tests/outcome.test.mjs,Do not translate synthetic controls into professional accuracy or outcome percentages; live recovery and representative qualification remain pending.
LEDGER-Q,LQ-P05,Task success / abstention / critical failure denominators,IMPLEMENTED / BOUNDED SYNTHETIC SCOPE,lib/ledger/engine.ts; lib/ledger/api.ts,tests/integration.mjs; tests/outcome.test.mjs,Do not translate synthetic controls into professional accuracy or outcome percentages; live recovery and representative qualification remain pending.
LEDGER-Q,LQ-R01,Unit / batch / operator mutations,IMPLEMENTED / BOUNDED SYNTHETIC SCOPE,lib/ledger/engine.ts; lib/ledger/api.ts,tests/integration.mjs; tests/outcome.test.mjs,Do not translate synthetic controls into professional accuracy or outcome percentages; live recovery and representative qualification remain pending.
LEDGER-Q,LQ-R02,Evidence removal test,IMPLEMENTED / BOUNDED SYNTHETIC SCOPE,lib/ledger/engine.ts; lib/ledger/api.ts,tests/integration.mjs; tests/outcome.test.mjs,Do not translate synthetic controls into professional accuracy or outcome percentages; live recovery and representative qualification remain pending.
LEDGER-Q,LQ-R03,Paired model-change evaluation,IMPLEMENTED / BOUNDED SYNTHETIC SCOPE,lib/ledger/engine.ts; lib/ledger/api.ts,tests/integration.mjs; tests/outcome.test.mjs,Do not translate synthetic controls into professional accuracy or outcome percentages; live recovery and representative qualification remain pending.
LEDGER-Q,LQ-R04,First-failure recording,IMPLEMENTED / BOUNDED SYNTHETIC SCOPE,lib/ledger/engine.ts; lib/ledger/api.ts,tests/integration.mjs; tests/outcome.test.mjs,Do not translate synthetic controls into professional accuracy or outcome percentages; live recovery and representative qualification remain pending.
BEACON,L01,Workspace / tenant isolation,IMPLEMENTED / BOUNDED APPLICATION SCOPE,See canonical feature rows and full preserved source,Current domain/API/outcome suites; operations limits recorded,Implemented with current Sites Worker/D1/R2 application stack; not a claim that the PDF reference stack is literally deployed.
BEACON,L02,Identity / roles / approval,IMPLEMENTED / BOUNDED APPLICATION SCOPE,See canonical feature rows and full preserved source,Current domain/API/outcome suites; operations limits recorded,Implemented with current Sites Worker/D1/R2 application stack; not a claim that the PDF reference stack is literally deployed.
BEACON,L03,Authorized source / intake,IMPLEMENTED / BOUNDED APPLICATION SCOPE,See canonical feature rows and full preserved source,Current domain/API/outcome suites; operations limits recorded,Implemented with current Sites Worker/D1/R2 application stack; not a claim that the PDF reference stack is literally deployed.
BEACON,L04,Storage / metadata / versions,IMPLEMENTED / BOUNDED APPLICATION SCOPE,See canonical feature rows and full preserved source,Current domain/API/outcome suites; operations limits recorded,Implemented with current Sites Worker/D1/R2 application stack; not a claim that the PDF reference stack is literally deployed.
BEACON,L05,Parsing / normalization,IMPLEMENTED / BOUNDED APPLICATION SCOPE,See canonical feature rows and full preserved source,Current domain/API/outcome suites; operations limits recorded,Implemented with current Sites Worker/D1/R2 application stack; not a claim that the PDF reference stack is literally deployed. Supported formats and visual extraction need format-specific professional qualification.
BEACON,L06,Source / policy / context governance,IMPLEMENTED / BOUNDED APPLICATION SCOPE,See canonical feature rows and full preserved source,Current domain/API/outcome suites; operations limits recorded,Implemented with current Sites Worker/D1/R2 application stack; not a claim that the PDF reference stack is literally deployed.
BEACON,L07,Evidence links / retrieval / analytics,IMPLEMENTED / BOUNDED APPLICATION SCOPE,See canonical feature rows and full preserved source,Current domain/API/outcome suites; operations limits recorded,Implemented with current Sites Worker/D1/R2 application stack; not a claim that the PDF reference stack is literally deployed.
BEACON,L08,Workflow / saved orchestration,IMPLEMENTED / BOUNDED APPLICATION SCOPE,See canonical feature rows and full preserved source,Current domain/API/outcome suites; operations limits recorded,Implemented with current Sites Worker/D1/R2 application stack; not a claim that the PDF reference stack is literally deployed.
BEACON,L09,Bounded specialists / model routing,IMPLEMENTED / BOUNDED APPLICATION SCOPE,See canonical feature rows and full preserved source,Current domain/API/outcome suites; operations limits recorded,Implemented with current Sites Worker/D1/R2 application stack; not a claim that the PDF reference stack is literally deployed. Specialist roles are not independent autonomous agents with unrestricted tools or release authority.
BEACON,L10,Safety / quality / human gates,IMPLEMENTED / BOUNDED APPLICATION SCOPE,See canonical feature rows and full preserved source,Current domain/API/outcome suites; operations limits recorded,Implemented with current Sites Worker/D1/R2 application stack; not a claim that the PDF reference stack is literally deployed.
BEACON,L11,Evaluation / audit / controlled outputs,IMPLEMENTED / BOUNDED APPLICATION SCOPE,See canonical feature rows and full preserved source,Current domain/API/outcome suites; operations limits recorded,Implemented with current Sites Worker/D1/R2 application stack; not a claim that the PDF reference stack is literally deployed.
BEACON,L12,Operations / monitoring / recovery,PARTIAL / PRODUCTION OPERATIONS,See canonical feature rows and full preserved source,Current domain/API/outcome suites; operations limits recorded,"Local recovery/storage controls exist; sustained load, incident drill, external alerts, unattended schedules and full hosted backup/restore remain separate proof."
FORGE,L01,Workspace / tenant isolation,IMPLEMENTED / BOUNDED APPLICATION SCOPE,See canonical feature rows and full preserved source,Current domain/API/outcome suites; operations limits recorded,Implemented with current Sites Worker/D1/R2 application stack; not a claim that the PDF reference stack is literally deployed.
FORGE,L02,Identity / roles / approval,IMPLEMENTED / BOUNDED APPLICATION SCOPE,See canonical feature rows and full preserved source,Current domain/API/outcome suites; operations limits recorded,Implemented with current Sites Worker/D1/R2 application stack; not a claim that the PDF reference stack is literally deployed.
FORGE,L03,Authorized source / intake,IMPLEMENTED / BOUNDED APPLICATION SCOPE,See canonical feature rows and full preserved source,Current domain/API/outcome suites; operations limits recorded,Implemented with current Sites Worker/D1/R2 application stack; not a claim that the PDF reference stack is literally deployed.
FORGE,L04,Storage / metadata / versions,IMPLEMENTED / BOUNDED APPLICATION SCOPE,See canonical feature rows and full preserved source,Current domain/API/outcome suites; operations limits recorded,Implemented with current Sites Worker/D1/R2 application stack; not a claim that the PDF reference stack is literally deployed.
FORGE,L05,Parsing / normalization,IMPLEMENTED / BOUNDED APPLICATION SCOPE,See canonical feature rows and full preserved source,Current domain/API/outcome suites; operations limits recorded,Implemented with current Sites Worker/D1/R2 application stack; not a claim that the PDF reference stack is literally deployed. Supported formats and visual extraction need format-specific professional qualification.
FORGE,L06,Source / policy / context governance,IMPLEMENTED / BOUNDED APPLICATION SCOPE,See canonical feature rows and full preserved source,Current domain/API/outcome suites; operations limits recorded,Implemented with current Sites Worker/D1/R2 application stack; not a claim that the PDF reference stack is literally deployed.
FORGE,L07,Evidence links / retrieval / analytics,IMPLEMENTED / BOUNDED APPLICATION SCOPE,See canonical feature rows and full preserved source,Current domain/API/outcome suites; operations limits recorded,Implemented with current Sites Worker/D1/R2 application stack; not a claim that the PDF reference stack is literally deployed.
FORGE,L08,Workflow / saved orchestration,IMPLEMENTED / BOUNDED APPLICATION SCOPE,See canonical feature rows and full preserved source,Current domain/API/outcome suites; operations limits recorded,Implemented with current Sites Worker/D1/R2 application stack; not a claim that the PDF reference stack is literally deployed.
FORGE,L09,Bounded specialists / model routing,IMPLEMENTED / BOUNDED APPLICATION SCOPE,See canonical feature rows and full preserved source,Current domain/API/outcome suites; operations limits recorded,Implemented with current Sites Worker/D1/R2 application stack; not a claim that the PDF reference stack is literally deployed. Specialist roles are not independent autonomous agents with unrestricted tools or release authority.
FORGE,L10,Safety / quality / human gates,IMPLEMENTED / BOUNDED APPLICATION SCOPE,See canonical feature rows and full preserved source,Current domain/API/outcome suites; operations limits recorded,Implemented with current Sites Worker/D1/R2 application stack; not a claim that the PDF reference stack is literally deployed.
FORGE,L11,Evaluation / audit / controlled outputs,IMPLEMENTED / BOUNDED APPLICATION SCOPE,See canonical feature rows and full preserved source,Current domain/API/outcome suites; operations limits recorded,Implemented with current Sites Worker/D1/R2 application stack; not a claim that the PDF reference stack is literally deployed.
FORGE,L12,Operations / monitoring / recovery,PARTIAL / PRODUCTION OPERATIONS,See canonical feature rows and full preserved source,Current domain/API/outcome suites; operations limits recorded,"Local recovery/storage controls exist; sustained load, incident drill, external alerts, unattended schedules and full hosted backup/restore remain separate proof."
LEDGER-Q,L01,Workspace / tenant isolation,IMPLEMENTED / BOUNDED APPLICATION SCOPE,See canonical feature rows and full preserved source,Current domain/API/outcome suites; operations limits recorded,Implemented with current Sites Worker/D1/R2 application stack; not a claim that the PDF reference stack is literally deployed.
LEDGER-Q,L02,Identity / roles / approval,IMPLEMENTED / BOUNDED APPLICATION SCOPE,See canonical feature rows and full preserved source,Current domain/API/outcome suites; operations limits recorded,Implemented with current Sites Worker/D1/R2 application stack; not a claim that the PDF reference stack is literally deployed.
LEDGER-Q,L03,Authorized source / intake,IMPLEMENTED / BOUNDED APPLICATION SCOPE,See canonical feature rows and full preserved source,Current domain/API/outcome suites; operations limits recorded,Implemented with current Sites Worker/D1/R2 application stack; not a claim that the PDF reference stack is literally deployed.
LEDGER-Q,L04,Storage / metadata / versions,IMPLEMENTED / BOUNDED APPLICATION SCOPE,See canonical feature rows and full preserved source,Current domain/API/outcome suites; operations limits recorded,Implemented with current Sites Worker/D1/R2 application stack; not a claim that the PDF reference stack is literally deployed.
LEDGER-Q,L05,Parsing / normalization,IMPLEMENTED / BOUNDED APPLICATION SCOPE,See canonical feature rows and full preserved source,Current domain/API/outcome suites; operations limits recorded,Implemented with current Sites Worker/D1/R2 application stack; not a claim that the PDF reference stack is literally deployed. Supported formats and visual extraction need format-specific professional qualification.
LEDGER-Q,L06,Source / policy / context governance,IMPLEMENTED / BOUNDED APPLICATION SCOPE,See canonical feature rows and full preserved source,Current domain/API/outcome suites; operations limits recorded,Implemented with current Sites Worker/D1/R2 application stack; not a claim that the PDF reference stack is literally deployed.
LEDGER-Q,L07,Evidence links / retrieval / analytics,IMPLEMENTED / BOUNDED APPLICATION SCOPE,See canonical feature rows and full preserved source,Current domain/API/outcome suites; operations limits recorded,Implemented with current Sites Worker/D1/R2 application stack; not a claim that the PDF reference stack is literally deployed.
LEDGER-Q,L08,Workflow / saved orchestration,IMPLEMENTED / BOUNDED APPLICATION SCOPE,See canonical feature rows and full preserved source,Current domain/API/outcome suites; operations limits recorded,Implemented with current Sites Worker/D1/R2 application stack; not a claim that the PDF reference stack is literally deployed.
LEDGER-Q,L09,Bounded specialists / model routing,IMPLEMENTED / BOUNDED APPLICATION SCOPE,See canonical feature rows and full preserved source,Current domain/API/outcome suites; operations limits recorded,Implemented with current Sites Worker/D1/R2 application stack; not a claim that the PDF reference stack is literally deployed. Specialist roles are not independent autonomous agents with unrestricted tools or release authority.
LEDGER-Q,L10,Safety / quality / human gates,IMPLEMENTED / BOUNDED APPLICATION SCOPE,See canonical feature rows and full preserved source,Current domain/API/outcome suites; operations limits recorded,Implemented with current Sites Worker/D1/R2 application stack; not a claim that the PDF reference stack is literally deployed.
LEDGER-Q,L11,Evaluation / audit / controlled outputs,IMPLEMENTED / BOUNDED APPLICATION SCOPE,See canonical feature rows and full preserved source,Current domain/API/outcome suites; operations limits recorded,Implemented with current Sites Worker/D1/R2 application stack; not a claim that the PDF reference stack is literally deployed.
LEDGER-Q,L12,Operations / monitoring / recovery,PARTIAL / PRODUCTION OPERATIONS,See canonical feature rows and full preserved source,Current domain/API/outcome suites; operations limits recorded,"Local recovery/storage controls exist; sustained load, incident drill, external alerts, unattended schedules and full hosted backup/restore remain separate proof."
ALL THREE,AGENTIC-1,Goal / planning,PRESENT / BOUNDED IMPLEMENTATION,BEACON lib/agent-runtime.ts; FORGE lib/agentic.mjs; LEDGER-Q lib/ledger/provider.ts,Source + engineering checks; live/model limits in report,Bounded goal plans and review-on-conflict; no unrestricted goal invention.
ALL THREE,AGENTIC-2,Tools / APIs,PRESENT / BOUNDED IMPLEMENTATION,BEACON lib/monitor-execution.ts; FORGE lib/tool-adapters.mjs; LEDGER-Q lib/ledger/api.ts,Source + engineering checks; live/model limits in report,Only supported allowed tools; speculative integrations are not deployed features.
ALL THREE,AGENTIC-3,Shared saved context / history,PRESENT / BOUNDED IMPLEMENTATION,BEACON lib/records.ts; FORGE lib/runtime-repository.ts; LEDGER-Q lib/ledger/api.ts,Source + engineering checks; live/model limits in report,Saved job/evidence state is not unrestricted long-term learning or silent self-training.
ALL THREE,AGENTIC-4,Orchestration / runtime,PRESENT / BOUNDED IMPLEMENTATION,BEACON lib/agent-runtime.ts; FORGE lib/runtime.mjs; LEDGER-Q lib/ledger/api.ts,Source + engineering checks; live/model limits in report,"Bounded attempts, phase/state controls and HOLD. Durable unattended operational proof remains incomplete."
ALL THREE,AGENTIC-5,Specialist collaboration,PRESENT / BOUNDED IMPLEMENTATION,BEACON lib/ai-ris.ts; FORGE lib/agentic.mjs; LEDGER-Q lib/ledger/provider.ts,Source + engineering checks; live/model limits in report,Controlled parent with typed specialist candidates and conflict checks; no full autonomous swarm.
ALL THREE,AGENTIC-6,Human decision interface,PRESENT / BOUNDED IMPLEMENTATION,BEACON lib/workflow.ts; FORGE lib/signature.mjs; LEDGER-Q lib/ledger/api.ts,Source + engineering checks; live/model limits in report,A candidate/model run cannot grant qualified approval or regulatory release.
ALL THREE,AGENTIC-7,Permissions / safe boundaries,PRESENT / BOUNDED IMPLEMENTATION,BEACON lib/permissions.ts; FORGE lib/core.mjs; LEDGER-Q lib/ledger/security.ts,Source + engineering checks; live/model limits in report,Technical guardrails require production security review and customer policy qualification.
ALL THREE,AGENTIC-8,Saved runs / evaluation / observability,PRESENT / BOUNDED IMPLEMENTATION,BEACON lib/agent-runtime.ts; FORGE lib/model-gateway.mjs; LEDGER-Q lib/ledger/provider.ts,Source + engineering checks; live/model limits in report,"Attempts, failures and available provider usage are recorded; not a full live monitoring/SLO service."
ALL THREE,AGENTIC-9,Governance / evidence / audit,PRESENT / BOUNDED IMPLEMENTATION,BEACON lib/workflow.ts; FORGE lib/runtime.mjs; LEDGER-Q lib/ledger/engine.ts,Source + engineering checks; live/model limits in report,"Audit/revision/role controls are not legal clearance, system qualification or compliance certification."
