PDF feature,Name,Decision,Existing LEDGER-Q area,Screen,Connected action/control,Delivered scope,Maturity,Proof
1,SOP Compliance Analyzer,REFINE,F02/F03,/regulatory-intake,sop,"Exact requirement + SOP excerpt, linked source and rationale; unsupported coverage cannot pass.",BOUNDED SYNTHETIC WORKING SCOPE; professional qualification not established,tests/integration.mjs + tests/extensions.mjs + source audit
2,Deviation Auto Detector,REFINE,F04/F06/F07,/batch-review,batch-record / batch-quality,"Detect missing record observations and failed QC criteria; create linked held investigation, never a guessed cause.",BOUNDED SYNTHETIC WORKING SCOPE; professional qualification not established,tests/integration.mjs + tests/extensions.mjs + source audit
3,CAPA Recommendation Engine,REFINE,F09,/capa + /quality-checks,assessment-follow-up,"Evidence-linked proposed CAPA with owner, gaps and human review. No automated cause or closure.",BOUNDED SYNTHETIC WORKING SCOPE; professional qualification not established,tests/integration.mjs + tests/extensions.mjs + source audit
4,Tamper-Evident Audit Trail,REUSE,F15,/audit,commit/history,Hash-linked append-only audit and original version history; not an immutable ledger certification.,BOUNDED SYNTHETIC WORKING SCOPE; professional qualification not established,tests/integration.mjs + tests/extensions.mjs + source audit
5,Inspection Finding Risk Engine,REFINE,F05/F11,/quality-checks + /inspection,risk,Reviewer-supplied risk factors prioritize findings; no predictive inspection outcome.,BOUNDED SYNTHETIC WORKING SCOPE; professional qualification not established,tests/integration.mjs + tests/extensions.mjs + source audit
6,Risk Assessment Engine,REFINE,F05,/quality-checks,risk,"Explicit 1–5 factors and rationale; unknown input produces HOLD, not an invented score.",BOUNDED SYNTHETIC WORKING SCOPE; professional qualification not established,tests/integration.mjs + tests/extensions.mjs + source audit
7,Document Version Control,REUSE,F01/F15,/sources + /audit,edit/history,"Original predecessor, bytes, version/hash and retained historical snapshots.",BOUNDED SYNTHETIC WORKING SCOPE; professional qualification not established,tests/integration.mjs + tests/extensions.mjs + source audit
8,Regulatory Knowledge Graph,REUSE,F02/F03/F08,/changes,EvidenceMap,"Saved source IDs and dependencies, focused readable neighborhood and exact revisions; not a universal ontology.",BOUNDED SYNTHETIC WORKING SCOPE; professional qualification not established,tests/integration.mjs + tests/extensions.mjs + source audit
9,Compliance Report Generator,REFINE,F15,/audit / assessment details,export,"Transitive JSON evidence packet + readable HTML report that can be printed to PDF, with visible HOLD/approval boundary.",BOUNDED SYNTHETIC WORKING SCOPE; professional qualification not established,tests/integration.mjs + tests/extensions.mjs + source audit
10,Training Requirement Tracker,REUSE,F10,/training,training / edit,"Affected role, version and completion evidence; current source version required. No automated learning-management system.",BOUNDED SYNTHETIC WORKING SCOPE; professional qualification not established,tests/integration.mjs + tests/extensions.mjs + source audit
11,Change Control Workflow,REFINE,F08/F13,/changes + /regulatory-intake,change / apply-regulatory,Signed verified intake reopens affected local review and dependencies; historical decisions remain.,BOUNDED SYNTHETIC WORKING SCOPE; professional qualification not established,tests/integration.mjs + tests/extensions.mjs + source audit
12,Batch Record Validator,ADD,F01/F04/F07,/batch-review,batch-record,"Explicit step manifest, missing record checks, acceptance comparison, performer/date/reference and duplicate checks.",BOUNDED SYNTHETIC WORKING SCOPE; professional qualification not established,tests/integration.mjs + tests/extensions.mjs + source audit
13,Regulatory Update Monitor,ADD,F03/F08/F10,/regulatory-intake,regulatory / apply-regulatory,"BEACON-compatible authorized source handoff; official URL allowlist, exact local originals/hashes, uncertainty and signed affected-work review. BEACON radar remains the monitor; this does not add another crawler.",BOUNDED SYNTHETIC WORKING SCOPE; professional qualification not established,tests/integration.mjs + tests/extensions.mjs + source audit
14,Quality Unit Governance Dashboard,REUSE,F04/F13/F20,/app,WorkflowLinks / QualityWorkbench,"Saved counts, evidence debt, due work and actual assessment entries. Fresh workspace remains empty.",BOUNDED SYNTHETIC WORKING SCOPE; professional qualification not established,tests/integration.mjs + tests/extensions.mjs + source audit
15,Supplier Qualification Tracker,DEFER,Deferred,Not added,None,Supplier qualification is a separate validated supplier workflow; keep this scope focused.,NOT ADDED,Explicitly excluded
16,Batch Quality Review Engine,ADD,F05/F07/F14,/batch-review,batch-quality,"Batch/method/unit/sample/specification checks, original failed result and open linked quality work.",BOUNDED SYNTHETIC WORKING SCOPE; professional qualification not established,tests/integration.mjs + tests/extensions.mjs + source audit
17,OOS Investigation Engine,REFINE,F06/F07,/quality-checks + /events,investigation,"First failure, chronology, hypothesis/evidence/state and separate human cause/disposition checks.",BOUNDED SYNTHETIC WORKING SCOPE; professional qualification not established,tests/integration.mjs + tests/extensions.mjs + source audit
18,OOT Detection Engine,ADD,F07/F12,/quality-checks,oot,"Documented fixed review band, six or more comparable distinct prior batches, dates/units/methods; insufficient history is HOLD. Not a statistical qualification.",BOUNDED SYNTHETIC WORKING SCOPE; professional qualification not established,tests/integration.mjs + tests/extensions.mjs + source audit
19,Batch Release Readiness Engine,ADD,F04/F11/F14,/batch-review,batch-readiness,Category-correct QC/deviation/training/document prerequisites and exact current named decisions; no automatic batch release.,BOUNDED SYNTHETIC WORKING SCOPE; professional qualification not established,tests/integration.mjs + tests/extensions.mjs + source audit
20,Predictive Quality Risk Engine,DEFER,Deferred,Not added,None,No predictive quality-risk claim from small synthetic samples.,NOT ADDED,Explicitly excluded
21,Root Cause Investigation Engine,REFINE,F06/F09,/events + /quality-checks,investigation,Hypotheses remain distinct from named established cause; evidence and chronology are visible.,BOUNDED SYNTHETIC WORKING SCOPE; professional qualification not established,tests/integration.mjs + tests/extensions.mjs + source audit
22,CAPA Effectiveness Verification Engine,REFINE,F09,/quality-checks,effectiveness,"Before/after windows, counts, exposure, comparability and documented criterion; no causal benefit inferred.",BOUNDED SYNTHETIC WORKING SCOPE; professional qualification not established,tests/integration.mjs + tests/extensions.mjs + source audit
23,Process Quality Trending Engine,REFINE,F12,/quality-checks + /trends,oot / apqr,"Comparable observations, explicit bands, period and denominators. No unsupported process-capability calculation.",BOUNDED SYNTHETIC WORKING SCOPE; professional qualification not established,tests/integration.mjs + tests/extensions.mjs + source audit
24,Laboratory Quality Control Engine,REFINE,F07,/batch-review,batch-quality,"Original QC result, batch/method/unit/specification context; missing or OOS values are held.",BOUNDED SYNTHETIC WORKING SCOPE; professional qualification not established,tests/integration.mjs + tests/extensions.mjs + source audit
25,Environmental Microbial Monitoring Engine,DEFER,Deferred,Not added,None,Environmental/microbial monitoring requires a distinct sample/site/method workflow and validation.,NOT ADDED,Explicitly excluded
26,Visual Packaging/Label Quality Inspector,DEFER,Deferred,Not added,None,Packaging/label inspection requires representative images and separate validated visual acceptance.,NOT ADDED,Explicitly excluded
27,Material Incoming Quality Engine,DEFER,Deferred,Not added,None,Incoming material controls require a separate supplier/material qualification flow.,NOT ADDED,Explicitly excluded
28,Annual Product Quality Review Engine,REFINE,F12,/quality-checks + /trends,apqr,"Explicit product/site, period, batch denominator and area completeness declaration; saved event counts are not a commercial APQR.",BOUNDED SYNTHETIC WORKING SCOPE; professional qualification not established,tests/integration.mjs + tests/extensions.mjs + source audit
29,Quality Metrics / Management Review Dashboard,REFINE,F12/F13,/app + /quality-checks,apqr / WorkflowLinks,Actual saved count summaries with scope and denominators; no invented improvement percentages.,BOUNDED SYNTHETIC WORKING SCOPE; professional qualification not established,tests/integration.mjs + tests/extensions.mjs + source audit
30,Continuous Quality Improvement Engine,REFINE,F09/F13,/quality-checks,improvement / assessment-follow-up,"Linked actions, owner/deadline, measurable criterion and measurement evidence; no predicted benefits.",BOUNDED SYNTHETIC WORKING SCOPE; professional qualification not established,tests/integration.mjs + tests/extensions.mjs + source audit
31,AI Model Validator,REFINE,F16/F18/F20,/ai-evaluation + /quality-checks,evaluate / paired-evaluation / model,Executed control fixtures remain separate from actual provider observations and exact intended-use qualification.,BOUNDED SYNTHETIC WORKING SCOPE; professional qualification not established,tests/integration.mjs + tests/extensions.mjs + source audit
32,Privacy / Data Governance Engine,REFINE,F01/F15,/quality-checks + /settings,privacy / privacy-request,Documented purpose/owner/provider permission/retention basis/legal-hold/deletion procedure and saved owner requests; automatic evidence deletion is not implemented.,BOUNDED SYNTHETIC WORKING SCOPE; professional qualification not established,tests/integration.mjs + tests/extensions.mjs + source audit
33,Role-Based Access Control,REUSE,F14/F16,/settings + server API,permission,Membership-scoped reads/writes and separate QA/AI signing roles; owner is not automatically a reviewer.,BOUNDED SYNTHETIC WORKING SCOPE; professional qualification not established,tests/integration.mjs + tests/extensions.mjs + source audit
34,Data Security Layer,REFINE,F01/F14/F15,All saved APIs,security / storage,"CSRF/origin checks, role isolation, uploads, encrypted keys, bounded files and safe escaped report output. No penetration-test certification.",BOUNDED SYNTHETIC WORKING SCOPE; professional qualification not established,tests/integration.mjs + tests/extensions.mjs + source audit
35,Secure Audit / Decision Logs,REUSE,F15/F17,/audit,commit / decision,"Saved actor, operation/revision, signing meaning, password + fresh OTP and retained decisions.",BOUNDED SYNTHETIC WORKING SCOPE; professional qualification not established,tests/integration.mjs + tests/extensions.mjs + source audit
36,Model Explainability Dashboard,REUSE,F17,/ai-registry + outcome detail,savedOutcome,"Exact cited facts, rejected claims, contributions, model receipts, limits and next human action; no model-internal explainability claim.",BOUNDED SYNTHETIC WORKING SCOPE; professional qualification not established,tests/integration.mjs + tests/extensions.mjs + source audit
37,AI Guardrails Engine,REUSE,F04/F14/F18,All workflow gates,validateCandidate / assertDecision,"Source grounding, schema checks, prohibited decisions, missing/stale evidence and fail-closed progression.",BOUNDED SYNTHETIC WORKING SCOPE; professional qualification not established,tests/integration.mjs + tests/extensions.mjs + source audit
38,Human Oversight Dashboard,REUSE,F14,/review + assessment detail,HumanReview / decision,All computed assessments join named exact-revision review; no critical value or approval is generated.,BOUNDED SYNTHETIC WORKING SCOPE; professional qualification not established,tests/integration.mjs + tests/extensions.mjs + source audit
39,Model Performance Monitor,REFINE,F17/F18,/quality-checks + /ai-evaluation,model,Actual saved observation counts and latency summaries; no cost estimate without billing records or fabricated live success.,BOUNDED SYNTHETIC WORKING SCOPE; professional qualification not established,tests/integration.mjs + tests/extensions.mjs + source audit
40,Data Quality Validator,REFINE,F01/F02/F04,/quality-checks,data-quality / source-integrity checks,"Exact grounding, required source provenance, original-byte hash verification, duplicate/context/number/date checks.",BOUNDED SYNTHETIC WORKING SCOPE; professional qualification not established,tests/integration.mjs + tests/extensions.mjs + source audit
41,Bias / Fairness Assessment,REFINE,F19,/quality-checks + /ai-evaluation,model / paired-evaluation,"Reviewer-defined subgroup denominators, critical failures and repeated model observations; representative fairness is not established.",BOUNDED SYNTHETIC WORKING SCOPE; professional qualification not established,tests/integration.mjs + tests/extensions.mjs + source audit
42,Regulatory AI Requirements Mapper,REFINE,F03/F16,/regulatory-intake,requirements,"Official authority links, human applicability rationale, control ID, actual local evidence and named reviewer. No legal compliance verdict.",BOUNDED SYNTHETIC WORKING SCOPE; professional qualification not established,tests/integration.mjs + tests/extensions.mjs + source audit
43,Model Versioning / Controlled Rollback,REFINE,F16/F20,/quality-checks,rollback-ai-use,Signed rollback from verified saved history creates a new suspended configuration revision and invalidates dependents. No provider-weight rollback.,BOUNDED SYNTHETIC WORKING SCOPE; professional qualification not established,tests/integration.mjs + tests/extensions.mjs + source audit
44,Adversarial / Edge-Case Testing,REUSE,F18/F19,/ai-evaluation + tests,evaluationPack / tests/extensions.mjs,Adverse/missing/stale/source/unit/batch/model/provider/role checks; deterministic fixtures are explicitly labelled.,BOUNDED SYNTHETIC WORKING SCOPE; professional qualification not established,tests/integration.mjs + tests/extensions.mjs + source audit
45,Regulatory Documentation Generator,REFINE,F15/F17,Assessment details + /audit,reportHTML / export,"Readable evidence-backed findings, missing evidence, next action, exact revisions and human decisions; not regulatory submission documents.",BOUNDED SYNTHETIC WORKING SCOPE; professional qualification not established,tests/integration.mjs + tests/extensions.mjs + source audit
