Feature ID,Canonical feature name,Canonical layers,UI allocation,Saved objects,Responsible specialist,Acceptance proof,PDF page,Current status,Implementation status,Implemented behavior,Proof
F01,Controlled Quality Source & Document Registry,"L01-L04, L06",/sources,controlled_sources,Intake + evidence verifier,"Retain original bytes, permission, effective date, predecessor and hash; reject unauthorized intake.",2,IMPLEMENTED / BOUNDED SYNTHETIC WORKING SCOPE,IMPLEMENTED / SYNTHETIC WORKING SCOPE,"Permitted TXT/PDF/image originals, version/hash/predecessor, checked candidate transcription; PDF automation remains external.","Current source audit; tests/integration.mjs, tests/extensions.mjs, tests/presentation.mjs and outcome tests. Provider contract tests use mocks unless explicitly identified as live."
F02,Requirement Extraction & Exact Evidence Traceability,"L04-L07, L09-L11",/requirements,requirements,Requirement mapping specialist,Every accepted requirement links exact source/version/span; remove support and it must become UNKNOWN.,2,IMPLEMENTED / BOUNDED SYNTHETIC WORKING SCOPE,IMPLEMENTED / SYNTHETIC WORKING SCOPE,Exact text requirement candidates with source/version/span/offset; named review controls acceptance.,"Current source audit; tests/integration.mjs, tests/extensions.mjs, tests/presentation.mjs and outcome tests. Provider contract tests use mocks unless explicitly identified as live."
F03,Regulation-to-SOP / Requirement Mapping,"L04-L07, L09-L11",/requirements,sop_mappings,Requirement mapping specialist,Require context/version/rationale; missing SOP cannot be shown as covered.,2,IMPLEMENTED / BOUNDED SYNTHETIC WORKING SCOPE,IMPLEMENTED / SYNTHETIC WORKING SCOPE,"SOP coverage, rationale, linked requirement and source records; missing support blocks approval.","Current source audit; tests/integration.mjs, tests/extensions.mjs, tests/presentation.mjs and outcome tests. Provider contract tests use mocks unless explicitly identified as live."
F04,"Compliance Gap, Conflict & Evidence-Sufficiency Control","L05-L08, L10-L11","/requirements, /app",dependency_edges + evidence debt records,Evidence / audit verifier,Missing/conflicting/stale support remains visible debt and blocks unsafe progression.,2,IMPLEMENTED / BOUNDED SYNTHETIC WORKING SCOPE,IMPLEMENTED / SYNTHETIC WORKING SCOPE,"Saved gaps, conflict and dependency states; unsupported candidates fail grounding checks.","Current source audit; tests/integration.mjs, tests/extensions.mjs, tests/presentation.mjs and outcome tests. Provider contract tests use mocks unless explicitly identified as live."
F05,"Quality Risk, Severity & Confidence Assessment","L06, L08, L10-L11","/events, /review",quality_events + human_decisions,Domain specialist + QA,"Separate severity, likelihood, controls, evidence sufficiency and confidence; no model score substitutes for human risk acceptance.",2,IMPLEMENTED / BOUNDED SYNTHETIC WORKING SCOPE,IMPLEMENTED / SYNTHETIC WORKING SCOPE,"Separate severity, likelihood, controls and confidence fields; human root cause and disposition.","Current source audit; tests/integration.mjs, tests/extensions.mjs, tests/presentation.mjs and outcome tests. Provider contract tests use mocks unless explicitly identified as live."
F06,Deviation Investigation Review,"L04-L09, L10-L11",/events,investigation_records,Deviation/OOS specialist,"Preserve chronology, hypotheses and gaps; only named human determines root cause/disposition.",2,IMPLEMENTED / BOUNDED SYNTHETIC WORKING SCOPE,IMPLEMENTED / SYNTHETIC WORKING SCOPE,"Investigation chronology, hypotheses, human conclusions and immutable contribution trail.","Current source audit; tests/integration.mjs, tests/extensions.mjs, tests/presentation.mjs and outcome tests. Provider contract tests use mocks unless explicitly identified as live."
F07,OOS/OOT Investigation Review,"L04-L09, L10-L11",/events,quality_events + investigation_records,Deviation/OOS specialist,Retain laboratory source/method/result; ambiguous chromatogram requests review; AI never chooses disposition.,2,IMPLEMENTED / BOUNDED SYNTHETIC WORKING SCOPE,IMPLEMENTED / SYNTHETIC WORKING SCOPE,Synthetic OOS assay conflict 94.2% vs 99.1%; missing rationale remains HOLD.,"Current source audit; tests/integration.mjs, tests/extensions.mjs, tests/presentation.mjs and outcome tests. Provider contract tests use mocks unless explicitly identified as live."
F08,Bidirectional Change-Control & Impact Assessment,"L04, L06-L12",/changes,dependency_edges,Change-impact specialist,SOP change stales dependent AI assurance; model/prompt/tool/data/policy change reopens affected quality/training review.,2,IMPLEMENTED / BOUNDED SYNTHETIC WORKING SCOPE,IMPLEMENTED / SYNTHETIC WORKING SCOPE,"Transitive saved links, quality-to-AI invalidation, AI-to-quality links and historical decisions preserved.","Current source audit; tests/integration.mjs, tests/extensions.mjs, tests/presentation.mjs and outcome tests. Provider contract tests use mocks unless explicitly identified as live."
F09,RCA-CAPA Lifecycle & Effectiveness Verification,"L04, L06-L12",/capa,capa_actions,CAPA/effectiveness specialist,Separate proposed cause from human-established cause; closure blocked without implementation/effectiveness evidence.,2,IMPLEMENTED / BOUNDED SYNTHETIC WORKING SCOPE,IMPLEMENTED / SYNTHETIC WORKING SCOPE,"Implementation/effectiveness/cause gates, due dates and signed closure; missing proof blocks closure.","Current source audit; tests/integration.mjs, tests/extensions.mjs, tests/presentation.mjs and outcome tests. Provider contract tests use mocks unless explicitly identified as live."
F10,Training Impact & Retraining Traceability,"L02, L04, L06-L08, L10-L12",/training,training_impacts,Change-impact specialist + role owner,Link affected roles and completion evidence to correct changed version; no standalone training AI OS.,2,IMPLEMENTED / BOUNDED SYNTHETIC WORKING SCOPE,IMPLEMENTED / SYNTHETIC WORKING SCOPE,Role/version/completion evidence and fresh review requirements.,"Current source audit; tests/integration.mjs, tests/extensions.mjs, tests/presentation.mjs and outcome tests. Provider contract tests use mocks unless explicitly identified as live."
F11,Audit / Inspection Finding & Readiness Management,"L02, L04, L06-L08, L10-L12",/inspection,quality_events + capa_actions + exports,Evidence / audit verifier,"Finding, gap, owner, action and closure reconstructable; unresolved debt stays visible.",3,IMPLEMENTED / BOUNDED SYNTHETIC WORKING SCOPE,IMPLEMENTED / SYNTHETIC WORKING SCOPE,"Finding, owner, linked action and evidence packet; no formal inspection-readiness certification.","Current source audit; tests/integration.mjs, tests/extensions.mjs, tests/presentation.mjs and outcome tests. Provider contract tests use mocks unless explicitly identified as live."
F12,PQR/APQR & Quality Trend Review,"L04-L08, L11-L12",/trends,quality_events + evaluation_runs,Domain aggregation + human reviewer,Show denominators/time windows; correlation is never an automatic scientific conclusion.,3,IMPLEMENTED / BOUNDED SYNTHETIC WORKING SCOPE,IMPLEMENTED / SYNTHETIC WORKING SCOPE,"Saved counts, denominators and time window; no statistically proven quality trend claim.","Current source audit; tests/integration.mjs, tests/extensions.mjs, tests/presentation.mjs and outcome tests. Provider contract tests use mocks unless explicitly identified as live."
F13,"Owner, Deadline, Escalation & Closure Control","L02, L08, L10-L12","/app, /capa, /review",capa_actions + assigned work,Parent workflow + owner,Persist due date/escalation; owner cannot use missing evidence to close work.,3,IMPLEMENTED / BOUNDED SYNTHETIC WORKING SCOPE,IMPLEMENTED / SYNTHETIC WORKING SCOPE,"Owner/due date, visible overdue work and saved manual escalation; no external delivery configured.","Current source audit; tests/integration.mjs, tests/extensions.mjs, tests/presentation.mjs and outcome tests. Provider contract tests use mocks unless explicitly identified as live."
F14,"Human QA Review, Override & Controlled Correction","L02, L04, L08, L10-L11",/review,human_decisions,Named authorized human only,Approve/revise/request/reject/suspend/escalate exact revision; stale signature or role fails closed; no silent self-training.,3,IMPLEMENTED / BOUNDED SYNTHETIC WORKING SCOPE,IMPLEMENTED / SYNTHETIC WORKING SCOPE,"Current role/revision/hash, password plus real TOTP, decisions and reviewed regression proposals.","Current source audit; tests/integration.mjs, tests/extensions.mjs, tests/presentation.mjs and outcome tests. Provider contract tests use mocks unless explicitly identified as live."
F15,"Audit/Version Reconstruction, Event Forensics & Controlled Export","L02-L04, L07-L12",/audit,audit_events + exports + release_passports,Evidence / audit verifier,Reconstruct original versions and AI contribution; export permission-filtered approved evidence; preserve open gaps.,3,IMPLEMENTED / BOUNDED SYNTHETIC WORKING SCOPE,IMPLEMENTED / SYNTHETIC WORKING SCOPE,"Revision replay, append audit, R2 packets, checksummed backup and isolated copy restore.","Current source audit; tests/integration.mjs, tests/extensions.mjs, tests/presentation.mjs and outcome tests. Provider contract tests use mocks unless explicitly identified as live."
F16,AI Model / Use / Context & Release Registry,"L01-L04, L06-L08, L10-L11",/ai-registry,ai_uses + release_passports,AI provenance specialist,"Intended/excluded use, owner, reviewer and exact model dependencies required; no unsupported VALID state.",3,IMPLEMENTED / BOUNDED SYNTHETIC WORKING SCOPE,IMPLEMENTED / SYNTHETIC WORKING SCOPE,"Intended/excluded use, model/config/expiry, signed passport states; synthetic authority only.","Current source audit; tests/integration.mjs, tests/extensions.mjs, tests/presentation.mjs and outcome tests. Provider contract tests use mocks unless explicitly identified as live."
F17,"AI Provenance, Transparency & Contribution Record","L03-L07, L09-L11","/ai-registry, /audit",ai_runs,AI provenance specialist,Retain prompt/config/tools/inputs/retrieval/output/model/human use; immutable past run identity.,3,IMPLEMENTED / BOUNDED SYNTHETIC WORKING SCOPE,IMPLEMENTED / SYNTHETIC WORKING SCOPE,"Saved parent/specialist/reviewer outputs, attempts, input hashes, correlation and human contribution boundary.","Current source audit; tests/integration.mjs, tests/extensions.mjs, tests/presentation.mjs and outcome tests. Provider contract tests use mocks unless explicitly identified as live."
F18,"AI Evaluation, Grounding & Hallucination Suite","L05-L07, L09-L11",/ai-evaluation,evaluation_runs,AI evaluation specialist,Frozen expected/actual evidence and citation checks; conflicting assessors and critical failures remain visible.,3,IMPLEMENTED / BOUNDED SYNTHETIC WORKING SCOPE,IMPLEMENTED / SYNTHETIC WORKING SCOPE,Executed deterministic controls plus signed frozen cases and optional provider comparison.,"Current source audit; tests/integration.mjs, tests/extensions.mjs, tests/presentation.mjs and outcome tests. Provider contract tests use mocks unless explicitly identified as live."
F19,"Bias, Edge-Case & Consistency Verification","L04, L06, L09-L11",/ai-evaluation,evaluation_runs,AI evaluation specialist,"Subgroups, adverse cases, repeated-run variation and paired model comparisons with denominators/limits.",3,IMPLEMENTED / BOUNDED SYNTHETIC WORKING SCOPE,IMPLEMENTED ROUTING / LIVE EVIDENCE PENDING,Explicit subgroups and two-model repeated checks; live inference and representative fairness evidence not established.,"Current source audit; tests/integration.mjs, tests/extensions.mjs, tests/presentation.mjs and outcome tests. Provider contract tests use mocks unless explicitly identified as live."
F20,"Assurance Monitoring, Regression, Blast Radius & Revalidation","L04, L06-L12","/changes, /ai-evaluation, /app",evaluation_runs + dependency_edges + release_passports,Change-impact + AI evaluation specialists,Changed dependency invalidates current assurance; retest plus fresh human approval needed before restored use.,3,IMPLEMENTED / BOUNDED SYNTHETIC WORKING SCOPE,IMPLEMENTED / SYNTHETIC WORKING SCOPE,"Change/expiry invalidation, visible assurance debt, approved correction proposals and fresh revalidation/review.","Current source audit; tests/integration.mjs, tests/extensions.mjs, tests/presentation.mjs and outcome tests. Provider contract tests use mocks unless explicitly identified as live."
